primary_category,sub_category_1,sub_category_2
Personal Care,Bath & Body,Body Lotions
Patio & Garden,Outdoor Power Equipment,Outdoor Power Equipment Parts and Accessories
Baby,Baby Activities & Gear,Baby Carriers
Food,Beverages,Energy Drinks
Baby,Toddlers' Room,Toddler Bedding
Baby,Diapering,Diaper Bags
Baby,Feeding,Toddler Feeding
Household Essentials,Pest Control,All Pest Control
Home,Kitchen & Dining,Dining & Entertaining
Baby,Baby Activities & Gear,Baby Gyms & Playmats
Industrial & Scientific,Janitorial & Sanitation Supplies,Janitorial Disposables
Food,Beverages,Tea
Household Essentials,Paper & Plastic,Disposable Tableware
Personal Care,Oral Care,Teeth Whitening
Personal Care,Bath & Body,Body Lotions
Beauty,Makeup,Makeup Tools & Brushes
Household Essentials,Paper & Plastic,Wax and Parchment Paper
Beauty,Makeup,Makeup Tools and Accessories
Household Essentials,Paper & Plastic,Facial Tissue
Household Essentials,Household Essentials by Brand,Clorox
Personal Care,Shaving,Men's Razors and Razor Blades
Home,Kitchen & Dining,Dining & Entertaining
Personal Care,Shaving,Men's Razors and Razor Blades
Household Essentials,Cleaning Supplies,Drain Cleaners
Food,Beverages,Tea
Household Essentials,Laundry,Bleach
Household Essentials,Bathroom Cleaning Supplies,Bathroom Cleaners
Personal Care,Shaving,Razors
Household Essentials,Laundry,Bleach
Personal Care,Oral Care,Electric Toothbrush Heads
Personal Care,Oral Care,Electric Toothbrushes
Party & Occasions,Party Supplies,Party Tableware
Household Essentials,Paper & Plastic,Paper Towels
Personal Care,Bath & Body,Hand Soaps
Household Essentials,Laundry,Stain Removers
Baby,New Baby Products,Unavailable
Pets,Dogs,Dog Treats
Personal Care,Bath & Body,Hand Soaps
Beauty,Here for Every Beauty,Bath & Body
Pets,Dogs,Dog Food
Household Essentials,Paper & Plastic,Disposable Tableware
Personal Care,Bath & Body,Hand Soaps
Patio & Garden,Garden Center,Insect & Pest Control
Personal Care,Shaving,Razors
Personal Care,Bath & Body,Body Wash
Household Essentials,Paper & Plastic,Disposable Tableware
Premium Beauty,Premium Fragrance,Premium Perfume for Women
Baby,Feeding,Lansinoh Bottles
Personal Care,Bath & Body,Body Lotions
Food,Coffee,Bottled Coffee
Personal Care,Oral Care,Denture Adhesive
Household Essentials,Laundry,Dryer Sheets
Household Essentials,Paper & Plastic,Disposable Tableware
Personal Care,Shaving,Electric Shave Replacement Heads
Pets,Dogs,Dog Flea and Tick
Beauty,Seasonal Beauty,Prom-ready Beauty
Household Essentials,Cleaning Supplies,Drain Cleaners
Party & Occasions,Party Supplies,Party Tableware
Household Essentials,Air Fresheners,Air Freshener Refills
Household Essentials,Cleaning Supplies,Drain Cleaners
Baby,Baby Activities & Gear,Boy Walkers
Baby,Health & Safety,Baby Grooming
Beauty,Hair Care,Shampoo
Food,Frozen Foods,Frozen Breakfast Food
Home,Appliances,Kitchen Appliances
Home,Kitchen & Dining,Dining & Entertaining
Beauty,Skin Care,Acne Treatments
Household Essentials,Bathroom Cleaning Supplies,Bathroom Cleaners
Household Essentials,Paper & Plastic,Disposable Tableware
Food,Beverages,Tea
Pets,Dogs,Dog Clothes and Costumes
Household Essentials,Household Essentials by Brand,Glade
Baby,Nursery & Decor,Baby Cribs
Household Essentials,Paper & Plastic,Disposable Tableware
Household Essentials,Laundry,Dryer Sheets
Household Essentials,Paper & Plastic,Disposable Tableware
Personal Care,Incontinence,Adult Wipes
Beauty,Beauty by Top Brands,Revlon
Household Essentials,Pest Control,Insect & Pest Baits
Household Essentials,Air Fresheners,All Air Fresheners
Household Essentials,Paper & Plastic,Disposable Tableware
Beauty,Black Owned Beauty Brands,Black Owned Hair Products
Home,Bedding,Quilts
Baby,Baby Activities & Gear,Baby Walkers
Personal Care,Oral Care,Electric Toothbrush Heads
Premium Beauty,Premium Bath & Body,Premium Body Hair Removal
Patio & Garden,Garden Center,Insect & Pest Control
Baby,Baby Activities & Gear,Playards
Personal Care,Shaving,Razors
Household Essentials,Cleaning Supplies,Drain Cleaners
Beauty,Fragrances,Fragrances by Scent
Household Essentials,Cleaning Supplies,Mops
Household Essentials,Paper & Plastic,Food Storage Bags
Household Essentials,Paper & Plastic,Wax and Parchment Paper
Personal Care,Shaving,Electric Shave Replacement Heads
Personal Care,Oral Care,Oral Pain Relief
Household Essentials,Paper & Plastic,Facial Tissue
Personal Care,Oral Care,Electric Toothbrushes
Sports & Outdoors,Outdoor Sports,Camping Gear
Household Essentials,Pest Control,Insect Sprays & Foggers
Household Essentials,Laundry,Laundry Scent Boosters
Beauty,Bath & Body,"Bath Bombs, Bubble Baths & Soaks"
Household Essentials,Paper & Plastic,Trash Bags
Household Essentials,Laundry,Laundry Detergents
Baby,Nursery & Decor,Crib and Baby Mattresses
Food,Beverages,Juices
Household Essentials,Pest Control,Insect Sprays & Foggers
Household Essentials,Cleaning Supplies,Dishwashing
Baby,Baby Activities & Gear,Baby Carriers
Premium Beauty,Premium Skincare,Premium Sun Care and Sunscreens
Household Essentials,Cleaning Supplies,Dishwashing
Beauty,Skin Care,Acne Treatments
Household Essentials,Air Fresheners,Moisture Absorbers
Household Essentials,Pest Control,Insect & Pest Baits
Personal Care,Oral Care,Teeth Whitening
Home,Kitchen & Dining,Dining & Entertaining
Pets,Dogs,Dog Clothes and Costumes
Household Essentials,Paper & Plastic,Trash Bags
Personal Care,Oral Care,Electric Toothbrushes
Baby,Bath & Potty,Baby Toiletries
Personal Care,Bath & Body,Hand Soaps
Household Essentials,Paper & Plastic,Disposable Tableware
Personal Care,Oral Care,Toothpaste
Household Essentials,Paper & Plastic,Aluminum Foil
Personal Care,Bath & Body,Bath & Shower
Household Essentials,Air Fresheners,All Air Fresheners
Food,Beverages,Water Flavoring
Premium Beauty,Premium Hair Care,Premium Value Sizes & Sets
Personal Care,Shaving,Hair Removal
Baby,Feeding,Toddler Feeding
Household Essentials,Cleaning Supplies,Toilet Bowl Cleaners
Auto & Tires,Auto Detailing & Car Care,Auto Air Fresheners
Personal Care,Shaving,Razors
Household Essentials,Laundry,Laundry Detergents
Baby,Feeding,High Chairs & Booster Seats
Personal Care,Shaving,Electric Shavers
Household Essentials,Pest Control,Insect Sprays & Foggers
Household Essentials,Cleaning Supplies,Cleaning Tools
Household Essentials,Laundry,Fabric Softener
Beauty,Bath & Body,"Bath Bombs, Bubble Baths & Soaks"
Household Essentials,Laundry,Laundry Scent Boosters
Personal Care,Shaving,Men's Razors and Razor Blades
Industrial & Scientific,Food Service Equipment & Supplies,Disposables
Beauty,Skin Care,Makeup Remover
Home,Kitchen & Dining,Dining & Entertaining
Baby,Baby Activities & Gear,Baby Gyms & Playmats
Personal Care,Bath & Body,Hand Creams
Household Essentials,Air Fresheners,Moisture Absorbers
Household Essentials,Laundry,Dryer Sheets
Food,Coffee,Arabica Coffee
Personal Care,Shaving,Shaving Cream
Personal Care,Shaving,Men's Shaving
Baby,Nursery & Decor,Baby Bedding
Household Essentials,Paper & Plastic,Aluminum Foil
Household Essentials,Pest Control,Insect & Pest Baits
Household Essentials,Cleaning Supplies,Toilet Bowl Cleaners
Personal Care,Oral Care,Electric Toothbrushes
Personal Care,Oral Care,Oral Pain Relief
Personal Care,Oral Care,Denture Adhesive
Household Essentials,Laundry,Dryer Sheets
Personal Care,Oral Care,Electric Toothbrushes
Personal Care,Personal Care by Brand,Colgate
Personal Care,Men's Essentials,Men's Bath & Body
Personal Care,Bath & Body,Hand Creams
Household Essentials,Paper & Plastic,Plastic Wrap
Personal Care,Oral Care,Teeth Whitening
Household Essentials,Cleaning Supplies,Carpet & Floor Cleaners
Baby,Health & Safety,Baby Bath
Personal Care,Oral Care,Dental Floss
Baby,Baby Activities & Gear,Activity Centers
Baby,Diapering,Baby Wipes
Beauty,Makeup,Lip
Household Essentials,Laundry,Laundry Detergents
Food,Coffee,Ground Coffee
Baby,Health & Safety,Baby Bath
Food,Beverages,Water
Industrial & Scientific,Food Service Equipment & Supplies,Disposables
Household Essentials,Pest Control,Insect & Pest Traps
Household Essentials,Paper & Plastic,Disposable Tableware
Toys,Pretend Play,Costumes & Dress Up
Household Essentials,Batteries,Hearing Aid Batteries
Personal Care,Bath & Body,Hand Creams
Household Essentials,Pest Control,All Pest Control
Household Essentials,Our Promise,Unavailable
Beauty,Makeup,Eye Makeup
Household Essentials,Pest Control,Insect & Pest Traps
Baby,Health & Safety,Baby Grooming
Food,Frozen Foods,Frozen Breakfast Food
Baby,Diapering,Diaper Rash Creams
Household Essentials,Cleaning Supplies,Mops
Personal Care,Incontinence,Adult Wipes
Beauty,Here for Every Beauty,Hair Care & Hair Tools
Beauty,Fragrances,Body Spray
Household Essentials,Cleaning Supplies,Kitchen Cleaners
Personal Care,Bath & Body,Body Wash
Personal Care,Shaving,Razors
Baby,New Baby Products,Unavailable
Beauty,Makeup,Lip
Household Essentials,Pest Control,Insect & Pest Repellents
Baby,Health & Safety,Baby Proofing for Newborns
Personal Care,Bath & Body,Bath & Shower
Food,Beverages,Tea
Personal Care,Shaving,Razors
Household Essentials,Household Essentials by Brand,Scrubbing Bubbles
Personal Care,Bath & Body,Body Wash
Party & Occasions,Party Supplies,Party Tableware
Home,Decor,Rugs
Household Essentials,Air Fresheners,Moisture Absorbers
Household Essentials,Paper & Plastic,Plastic Wrap
Personal Care,Oral Care,Mouthwash
Household Essentials,Pest Control,All Pest Control
Food,Beverages,Water Flavoring
Household Essentials,Air Fresheners,All Air Fresheners
Household Essentials,Pest Control,Insect & Pest Traps
Household Essentials,Air Fresheners,Moisture Absorbers
Household Essentials,Pest Control,Insect & Pest Baits
Baby,Feeding,Toddler Feeding
Personal Care,Shaving,Razors
Household Essentials,Bathroom Cleaning Supplies,Bathroom Cleaners
Household Essentials,Paper & Plastic,Aluminum Foil
Baby,Health & Safety,Baby Proofing
Personal Care,Shaving,Hair Removal
Personal Care,Oral Care,Electric Toothbrush Heads
Household Essentials,Paper & Plastic,Facial Tissue
Household Essentials,Cleaning Supplies,Kitchen Cleaners
Household Essentials,Household Essentials by Brand,Air Wick
Party & Occasions,Party Supplies,Party Tableware
Beauty,Bath & Body,Deodorants & Antiperspirants
Household Essentials,Air Fresheners,Gel Air Fresheners
Household Essentials,Bathroom Cleaning Supplies,Bathroom Cleaners
Household Essentials,Laundry,Laundry Additives
Personal Care,Oral Care,Denture Adhesive
Household Essentials,Household Essentials by Brand,Dawn
Personal Care,Oral Care,Water Flossers
Sports & Outdoors,Outdoor Sports,Camping Gear
Personal Care,Bath & Body,Body Lotions
Personal Care,Bath & Body,Hand Creams
Personal Care,Oral Care,Denture Adhesive
Personal Care,Bath & Body,Spa & Massage
Personal Care,Bath & Body,Hand Soaps
Household Essentials,Laundry,Bleach
Household Essentials,Paper & Plastic,Disposable Tabletop
Household Essentials,Pest Control,All Pest Control
Baby,New Baby Products,Unavailable
Premium Beauty,Premium Bath & Body,Premium Deodorants & Antiperspirants
Household Essentials,Paper & Plastic,Paper Towels
Arts Crafts & Sewing,Cricut,Cricut Materials
Household Essentials,Paper & Plastic,Trash Bags
Baby,Diapering,Baby Oils & Lotions
Beauty,Beauty by Top Brands,Revlon
Household Essentials,Paper & Plastic,Facial Tissue
Household Essentials,Household Essentials by Brand,Swiffer
Baby,New Baby Products,Unavailable
Baby,Nursery & Decor,Baby Decor
Patio & Garden,Outdoor Power Equipment,Outdoor Power Equipment Parts and Accessories
Household Essentials,Cleaning Supplies,Carpet & Floor Cleaners
Personal Care,Bath & Body,Bath & Shower
Food,Food Gifts,Flowers
Household Essentials,Laundry,Fabric Softener
Home,Kitchen & Dining,Bakeware
Baby,Feeding,Baby Food
Personal Care,Bath & Body,Hand Creams
Home,Decor,Artificial Plants and Flowers
Personal Care,Sunscreen,Self-Tanners & Bronzers
Personal Care,Oral Care,Kids Oral Care
Household Essentials,Cleaning Supplies,Cleaning Tools
Household Essentials,Paper & Plastic,Toilet Paper
Personal Care,Incontinence,Adult Wipes
Beauty,Makeup,Face Makeup
Personal Care,Bath & Body,Hand Soaps
Household Essentials,Laundry,Bleach
Health and Medicine,Vitamins and Supplements,Superfoods
Food,Beverages,Tea
Health and Medicine,First Aid,Isopropyl Alcohol
Food,Fresh Produce,Organic Produce
Household Essentials,Cleaning Supplies,Surface Care & Protection
Personal Care,Oral Care,Water Flossers
Baby,Health & Safety,Baby Grooming
Personal Care,Oral Care,Clean Living Oral Care
Beauty,Beauty Best Sellers,Haircare Best Sellers
Household Essentials,Air Fresheners,Spray Air Fresheners
Household Essentials,Cleaning Supplies,Cleaning Tools
Premium Beauty,Premium Men's Grooming,Premium Face Care
Household Essentials,Bathroom Cleaning Supplies,Bathroom Cleaners
Household Essentials,Paper & Plastic,Disposable Tableware
Home,Decor,Candles & Home Fragrance
Premium Beauty,Premium Bath & Body,Premium Hand Lotions & Foot Creams
Personal Care,Bath & Body,Native
Toys,Pretend Play,Costumes & Dress Up
Personal Care,Bath & Body,Spa & Massage
Household Essentials,Laundry,Laundry Detergents
Personal Care,Men's Personal Care,Unavailable
Baby,Toddlers' Room,Toddlers' Room Decor
Household Essentials,Paper & Plastic,Aluminum Foil
Health and Medicine,Pain management,Acetaminophen
Household Essentials,Pest Control,All Pest Control
Personal Care,Sunscreen,Sunscreen
Household Essentials,Household Essentials by Brand,Swiffer
Food,Beverages,Tea
Personal Care,Oral Care,Electric Toothbrushes
Household Essentials,Paper & Plastic,Wax and Parchment Paper
Household Essentials,Cleaning Supplies,Dishwashing
Pets,Dogs,Dog Kennels
Premium Beauty,Premium Hair Care,Premium Hair & Scalp Treatments
Baby,Feeding,Toddler Bibs
Premium Beauty,Premium Fragrance,Premium Perfume for Women
Household Essentials,Paper & Plastic,Food Storage Bags
Household Essentials,Cleaning Supplies,Kitchen Cleaners
Personal Care,Incontinence,Adult Wipes
Household Essentials,Paper & Plastic,Facial Tissue
Household Essentials,Paper & Plastic,Food Storage Bags
Household Essentials,Laundry,Laundry Detergents
Personal Care,Oral Care,Denture Adhesive
Personal Care,Oral Care,Oral Pain Relief
Household Essentials,Paper & Plastic,Wax and Parchment Paper
Household Essentials,Pest Control,Insect & Pest Traps
Personal Care,Oral Care,Electric Toothbrush Heads
Personal Care,Shaving,Electric Shave Replacement Heads
Household Essentials,Laundry,Laundry Scent Boosters
Household Essentials,Paper & Plastic,Toilet Paper
Pets,Dogs,Dog Grooming
Household Essentials,Paper & Plastic,Facial Tissue
Baby,Nursery & Decor,Baby Cribs
Household Essentials,Household Essentials by Brand,Febreze
Household Essentials,Laundry,Fabric Softener
Household Essentials,Air Fresheners,Moisture Absorbers
Baby,Health & Safety,Baby Grooming
Household Essentials,Paper & Plastic,Aluminum Foil
Personal Care,Oral Care,Electric Toothbrushes
Personal Care,Bath & Body,Body Wash
Household Essentials,Laundry,Dryer Sheets
Baby,Feeding,Pacifiers & Teethers
Household Essentials,Laundry,Dryer Sheets
Household Essentials,Batteries,AA Batteries
Household Essentials,Cleaning Supplies,Kitchen Cleaners
Personal Care,Bath & Body,Spa & Massage
Baby,New Baby Products,Unavailable
Pets,Dogs,Dog Potty Training
Food,Beverages,Sports Drinks
Household Essentials,Cleaning Supplies,Drain Cleaners
Household Essentials,Laundry,Dryer Sheets
Household Essentials,Laundry,Laundry Scent Boosters
Industrial & Scientific,Janitorial & Sanitation Supplies,Janitorial Disposables
Food,Coffee,Ground Coffee
Household Essentials,Pest Control,Insect & Pest Baits
Pets,Dogs,Dog Food
Pets,Cats,Cat Grooming
Personal Care,Shaving,Hair Removal
Household Essentials,Air Fresheners,Moisture Absorbers
Baby,Baby Activities & Gear,Baby Walkers
Food,Food Gifts,Flowers
Household Essentials,Paper & Plastic,Wax and Parchment Paper
Personal Care,Shaving,Razors
Household Essentials,Pest Control,Insect & Pest Traps
Baby,Diapering,Huggies Baby Wipes
Baby,Health & Safety,Baby Proofing for Newborns
Household Essentials,Pest Control,Insect & Pest Baits
Household Essentials,Pest Control,All Pest Control
Auto & Tires,Auto Detailing & Car Care,Car Wash Supplies
Beauty,Hair Care,Hair Care Brands
Household Essentials,Pest Control,Insect & Pest Baits
Household Essentials,Pest Control,Insect Sprays & Foggers
Personal Care,Oral Care,Kids Oral Care
Household Essentials,Paper & Plastic,Facial Tissue
Personal Care,Bath & Body,Hand Soaps
Home,Storage & Organization,Closet Organizers
Household Essentials,Paper & Plastic,Disposable Tableware
Personal Care,Oral Care,Teeth Whitening
Household Essentials,Household Essentials by Brand,O-Cedar
Household Essentials,Paper & Plastic,Plastic Wrap
Personal Care,Bath & Body,Hand Sanitizing Wipes
Home Improvement,Emergency Prep,Pet Emergency Supplies
Premium Beauty,Premium Bath & Body,Premium Hand Lotions & Foot Creams
Food,Coffee,Espresso
Food,Coffee,Arabica Coffee
Clothing,Kids Clothing,Boys Clothing
Household Essentials,Cleaning Supplies,Dishwashing
Personal Care,Oral Care,Electric Toothbrush Heads
Household Essentials,Paper & Plastic,Wax and Parchment Paper
Pets,Dogs,Dog Food
Premium Beauty,Premium K-Beauty,Premium Korean Makeup
Household Essentials,Laundry,Stain Removers
Personal Care,Bath & Body,Hand Creams
Personal Care,Oral Care,Oral Pain Relief
Household Essentials,Paper & Plastic,Food Storage Bags
Household Essentials,Paper & Plastic,Disposable Tableware
Pets,Dogs,Dog Food
Auto & Tires,Auto Detailing & Car Care,Auto Air Fresheners
Industrial & Scientific,Janitorial & Sanitation Supplies,Janitorial Disposables
Personal Care,Shaving,Electric Shave Replacement Heads
Baby,Feeding,NUK Pacifiers
Food,Beverages,Soda Pop
Baby,Diapering,Baby Wipes
Personal Care,Bath & Body,Hand Creams
Personal Care,Oral Care,Kids Oral Care
Household Essentials,Paper & Plastic,Toilet Paper
Household Essentials,Cleaning Supplies,Drain Cleaners
Personal Care,Shaving,Razors
Household Essentials,Paper & Plastic,Wax and Parchment Paper
Beauty,Beauty by Top Brands,Revlon
Baby,Health & Safety,Baby Grooming
Household Essentials,Laundry,Fabric Softener
Household Essentials,Cleaning Supplies,Mops
Home,Kitchen & Dining,Dining & Entertaining
Household Essentials,Paper & Plastic,Wax and Parchment Paper
Food,Beverages,Tea
Household Essentials,Laundry,Laundry Additives
Household Essentials,Paper & Plastic,Facial Tissue
Personal Care,Sunscreen,Sunscreen
Food,Beverages,Tea
Personal Care,Bath & Body,Hand Soaps
Personal Care,Shaving,Body Hair Removal
Beauty,Hair Care,Hair Styling Tools
Household Essentials,Laundry,Laundry Additives
Personal Care,Oral Care,Water Flossers
Household Essentials,Cleaning Supplies,Drain Cleaners
Baby,Nursery & Decor,Baby Bassinets & bedside sleepers
Personal Care,Bath & Body,Body Wash
Personal Care,Shaving,Hair Removal
Auto & Tires,Auto Detailing & Car Care,Auto Air Fresheners
Baby,Diapering,Diaper Rash Creams
Personal Care,Oral Care,Electric Toothbrushes
Pets,Dogs,"Dog Collars, Leashes, and Harnesses"
Household Essentials,Paper & Plastic,Disposable Tabletop
Personal Care,Oral Care,Oral Pain Relief
Household Essentials,Paper & Plastic,Food Storage Bags
Personal Care,Bath & Body,Body Lotions
Auto & Tires,RV Parts & Accessories,RV Patio Accessories
Household Essentials,Paper & Plastic,Disposable Tableware
Baby,New Baby Products,Unavailable
Personal Care,Oral Care,Oral Pain Relief
Home,Kitchen & Dining,Dining & Entertaining
Baby,Bath & Potty,Baby Toiletries
Baby,Baby Activities & Gear,Activity Centers
Baby,Strollers,Stroller Accessories
Household Essentials,Pest Control,Insect & Pest Baits
Personal Care,Shaving,Electric Shave Replacement Heads
Personal Care,Bath & Body,Bath & Shower
Household Essentials,Pest Control,All Pest Control
Personal Care,Oral Care,Toothbrushes
Household Essentials,Paper & Plastic,Food Storage Bags
Baby,Feeding,Bottle Feeding
Personal Care,Oral Care,Kids Oral Care
Personal Care,Bath & Body,Hand Creams
Household Essentials,Pest Control,Insect & Pest Traps
Personal Care,Shaving,Razors
Personal Care,Oral Care,Oral Accessories
Household Essentials,Air Fresheners,Spray Air Fresheners
Household Essentials,Paper & Plastic,Food Storage Bags
Home,Decor,Decorative Throws
Food,Beverages,Tea
Personal Care,Bath & Body,Hand Creams
Personal Care,Bath & Body,Hand Creams
Household Essentials,Air Fresheners,Moisture Absorbers
Home,Kitchen & Dining,Kitchen Storage & Organization
Household Essentials,Paper & Plastic,Disposable Tableware
Household Essentials,Paper & Plastic,Food Storage Bags
Beauty,Makeup,All Makeup
Household Essentials,Paper & Plastic,Toilet Paper
Beauty,Makeup,Makeup Tools & Brushes
Household Essentials,Batteries,All Batteries
Beauty,Travel Size Beauty,Travel Size Makeup
Personal Care,Personal Care by Brand,Colgate
Household Essentials,Household Essentials by Brand,Gain
Household Essentials,Cleaning Supplies,Surface Cleaners
Personal Care,Personal Care by Brand,Colgate
Office Supplies,Calculators,Basic Calculators
Household Essentials,Cleaning Supplies,Cleaning Tools
Beauty,Beauty by Top Brands,NYX Professional Makeup
Household Essentials,Paper & Plastic,Disposable Tableware
Personal Care,Shaving,Electric Shave Replacement Heads
Household Essentials,Household Essentials by Brand,Seventh Generation
Home Improvement,"Heating, Cooling, & Air Quality",Air Quality
Household Essentials,Cleaning Supplies,Drain Cleaners
Industrial & Scientific,Janitorial & Sanitation Supplies,Janitorial Disposables
Personal Care,Oral Care,Oral Pain Relief
Personal Care,Bath & Body,Bath & Shower
Baby,Feeding,High Chairs & Booster Seats
Household Essentials,Cleaning Supplies,Disinfectant Cleaners
Beauty,Beauty Best Sellers,Makeup Best Sellers
Personal Care,Oral Care,Electric Toothbrush Heads
Food,Beverages,Water
Beauty,Hair Care,Conditioner
Baby,New Baby Products,Unavailable
Personal Care,Shaving,Electric Shavers
Household Essentials,Household Essentials by Brand,Febreze
Baby,Toddlers' Room,Toddler Bedding
Household Essentials,Pest Control,Insect & Pest Traps
Personal Care,Bath & Body,Body Lotions
Personal Care,Shaving,Men's Razors and Razor Blades
Personal Care,Oral Care,Electric Toothbrushes
Personal Care,Bath & Body,Hand Soaps
Household Essentials,Laundry,Laundry Additives
Food,Beverages,Tea
Premium Beauty,Featured Brands,Sebastian Professional
Household Essentials,Paper & Plastic,Wax and Parchment Paper
Baby,New Baby Products,Unavailable
Household Essentials,Paper & Plastic,Trash Bags
Food,Food Gifts,Flowers
Home,Decor,Candles & Home Fragrance